motif_id	gene	motif_seq	motif_len	strand
LM1_RFX1	RFX1	BDGTTKCCATGGMAACMV	18	+
LM2_CTCF	CTCF	NNDCCASHAGRKGGCASYV	19	+
LM4_M2	LM4_M2	DGCMTKCTGGGARWTGTAGTYY	22	+
LM9_NRSE	NRSE	DTCAGCACCNHGGACAGNDVM	21	+
M00001	MyoD	VVDCAGGTGBYD	12	+
M00002	E47	VSNGCAGGTGKBBBN	15	+
M00004	c-Myb	BVNVVNRRCVGTTGNBNG	18	+
M00005	AP-4	WVVVHCAGCTGBDGNCNK	18	+
M00006	MEF-2	BTCTAAAAATAACYCY	16	+
M00007	Elk-1	NDVACMGGAAGTNCVH	16	+
M00011	Evi-1	ACAAGATAA	9	+
M00017	ATF	HBVTGACGTNDNBB	14	+
M00024	E2F	THVGCGCGAAAAHKR	15	+
M00025	Elk-1	NNNNMCGGAARBNN	14	+
M00026	RSRFC4	NDKCTATTTWTAGMHN	16	+
M00032	c-Ets-1(p54)	NCMGGAWRYN	10	+
M00033	p300	NNVDGKAGTDNNNB	14	+
M00034	p53	GRACATGCCCGGGCATGTCY	20	+
M00037	NF-E2	HGCTGASTCAY	11	+
M00039	CREB	TGACGTMW	8	+
M00040	ATF2	TTACGTAA	8	+
M00041	ATF2:c-Jun	TGACGTYA	8	+
M00042	SOX5	NNAACAATNN	10	+
M00045	E4BP4	NRTTAYGTAAYN	12	+
M00050	E2F	TTTSGCGC	8	+
M00051	NF-kappaB (p50)	GGGGATYCCC	10	+
M00052	NF-kappaB (p65)	BGGRNTTTCC	10	+
M00053	c-Rel	BGGRNWTTCC	10	+
M00054	NF-kappaB	GGGRMWTYCC	10	+
M00055	N-Myc	NNNCACGTGNNN	12	+
M00056	myogenin / NF-1	YRSCNSTBBNNWTTGGMRNBSNGCCARNH	29	+
M00058	HEN1	NNDGGNMBCAGCTGBKNCMHNN	22	+
M00059	YY1	NVNNNCCATNTWNNNNN	17	+
M00062	IRF-1	SAAAASYGAAASY	13	+
M00063	IRF-2	GAAAAGYGAAASY	13	+
M00065	Tal-1beta:E47	NNNDMCAGATGKTNNN	16	+
M00066	Tal-1alpha:E47	NNNRMCAGATGKTNNN	16	+
M00068	HEN1	NNNGGNCNCAGCTGNKNCMHNN	22	+
M00069	YY1	NNNSBGCCATCTWSNHTSNW	20	+
M00070	Tal-1beta:ITF-2	NNNAACAGATGKYNNN	16	+
M00071	E47	NNNHRCAGGTGYWVNN	16	+
M00072	CP2	GCHMDAMCMAG	11	+
M00073	deltaEF1	NHNCACCTDNN	11	+
M00074	c-Ets-1(p54)	NNNVMGGAWNHNN	13	+
M00075	GATA-1	NNNGATNNNN	10	+
M00077	GATA-3	NNGATDDNN	9	+
M00078	Evi-1	WGAYAAGATAAGATAA	16	+
M00079	Evi-1	DGAYAAGATAA	11	+
M00080	Evi-1	AGATAAGATAW	11	+
M00082	Evi-1	AGATAAGATAD	11	+
M00085	ZID	BGGCTCYAKSRYC	13	+
M00095	CDP	CCAATAATCGAT	12	+
M00097	Pax-6	NHNNTTYACGCWTSANTKVNN	21	+
M00098	Pax-2	NNHNRTYWHKNRNNHNBNN	19	+
M00102	CDP	DNDATCGATYADHDN	15	+
M00104	CDP CR1	NATYGATBGS	10	+
M00105	CDP CR3	CACMRAYRNNTATBG	15	+
M00106	CDP CR3+HD	VATYGATSBS	10	+
M00109	C/EBPbeta	DNVTKDNGHAADNN	14	+
M00113	CREB	NBGDTGACGYNN	12	+
M00114	Tax/CREB	NNGGGKTGACGYMNN	15	+
M00115	Tax/CREB	RTGACGCATAYCCCC	15	+
M00116	C/EBPalpha	NNNTTRSNHMMNNN	14	+
M00117	C/EBPbeta	NNNTTGCNHMANNN	14	+
M00118	c-Myc:Max	NDRSCACGTGSYHN	14	+
M00119	Max	NNRNCACGTGNYNN	14	+
M00121	USF	NNRHCACGTGDYNN	14	+
M00122	USF	NNRNCAYRTGNYNN	14	+
M00123	c-Myc:Max	NANCACRTGNNW	12	+
M00124	Pbx-1b	NHNATCAATCAANNH	15	+
M00126	GATA-1	NNNNHGATAVKNNN	14	+
M00127	GATA-1	RNSNDGATTRBNRN	14	+
M00128	GATA-1	DNVWGATARNNVN	13	+
M00131	HNF3beta	BKNMHTRTTTRYWTW	15	+
M00132	HNF1	RGTTAATNWTTRNHN	15	+
M00133	Tst-1	NNKRAWTWWVMVYDN	15	+
M00134	HNF4	NNNRGDBCAAAGKBCMNNN	19	+
M00135	Oct-1	NNNNDTATGCAAATNBNNN	19	+
M00136	Oct-1	NNBAATATKCANNNN	15	+
M00137	Oct-1	NNNVTAAWNRNNN	13	+
M00141	Lyf-1	TTTGGGARR	9	+
M00143	Pax-5	BMNNNRNKCANBGNWGNRKRRMSRSHNB	28	+
M00144	Pax-5	VRHVDGDNDBBTNRAGCGKRACVRYNVH	28	+
M00145	Brn-2	NNCATNNDWAATVMRH	16	+
M00146	HSF1	DGAANDDDCN	10	+
M00147	HSF2	NGAANNWTCB	10	+
M00150	Brachyury	HDHNTSACACSTAGGTGTSAAATK	24	+
M00152	SRF	ATGCCCWTATAWGGHVNK	18	+
M00155	ARP-1 (COUP-TF2)	TGARYCYWTGAMMYYW	16	+
M00156	RORalpha1	DNWWNDAGGTCAH	13	+
M00157	RORalpha2	DWAWBTAGGTCAN	13	+
M00158	COUP-TF, HNF-4	TGAMCTTTGVMCHB	14	+
M00159	C/EBP	NVWKTGBWDANNN	13	+
M00160	SRY	NNWAACAAWNND	12	+
M00161	Oct-1	MKVATTWKCATWYY	14	+
M00162	Oct-1	MWNWWTKWSATRYN	14	+
M00172	AP-1	RSTGACNNMNH	11	+
M00173	AP-1	RVTGACDNMNW	11	+
M00174	AP-1	NVTGACKHMNN	11	+
M00175	AP-4	VDCAGCWSNN	10	+
M00176	AP-4	VDCAGCTGBN	10	+
M00178	CREB	NSTGACGYMRNN	12	+
M00179	ATF2	VSTGACGTMWSN	12	+
M00183	c-Myb	NNNAACKDNB	10	+
M00184	MyoD	NVCABCTGNY	10	+
M00185	NF-Y	NRRCCAATVRB	11	+
M00186	SRF	NNCCAWATANGGVN	14	+
M00187	USF	SYCACRKGDY	10	+
M00188	AP-1	RVTGACTVMNN	11	+
M00190	C/EBP	NNNTTGBDNHRNNN	14	+
M00191	ER	NNVRNNNNNNNTGACCNDN	19	+
M00192	GR	NNNNNNNNNWNTGTNCWNN	19	+
M00193	NF-1	NNTTGGCNNNNDNNNNNN	18	+
M00194	NF-kappaB	DKGGGAMKTYCCNN	14	+
M00195	Oct-1	VNNNATGCAAAKNMB	15	+
M00199	AP-1	NTGASTCAB	9	+
M00201	C/EBP	NGWVTKHBGYAAKNBAYN	18	+
M00203	GATA-X	DGATARRNVHN	11	+
M00205	GR	KKYACMNNVTGTYCTK	16	+
M00206	HNF1	DGYTAATBAWTNAMYWM	17	+
M00208	NF-kappaB	NGGGAYTTYCCV	12	+
M00209	NF-Y	NYTGATTGGYTAVH	14	+
M00210	OCT-x	NTNATTTGCATRH	13	+
M00215	SRF	DCCWTATATGGNVHN	15	+
M00216	TATA	NCTATAAAAN	10	+
M00217	USF	NCACGTGN	8	+
M00220	SREBP-1	NATCACGTGAB	11	+
M00221	SREBP-1	KRTCACCCCAC	11	+
M00222	Hand1:E47	NNDNDNRTCTGGHWNN	16	+
M00223	STATx	TTCCYRKAA	9	+
M00224	STAT1	BNNVNHTTCCSGGAADNRNSN	21	+
M00225	STAT3	NBNBATTTCCSGGAARTSNNN	21	+
M00228	VBP	RTTACRTMAK	10	+
M00231	MEF-2	BNNNNDDCTAWAAATAGVHNNN	22	+
M00232	MEF-2	NNNNDHDCTAWAAATAGMHHNN	22	+
M00233	MEF-2	NNTGTTRCTAWAAATAGAAHHN	22	+
M00235	AhR:Arnt	KDNDNDKYGCGTGMMV	16	+
M00236	Arnt	NDDDNCACGTGNNNNN	16	+
M00237	AhR:Arnt	GDBNATYGCGTGMSWDBCC	19	+
M00240	Nkx2-5	WYAAGTG	7	+
M00242	PPARalpha:RXRalpha	MWRMWMYAGGNCAWAGKTCA	20	+
M00243	Egr-1	WTGCGTRGGCGK	12	+
M00244	NGFI-C	WTGCGTGGGYGK	12	+
M00245	Egr-3	NWGCGTRGGCGK	12	+
M00248	Oct-1	WNTATGBTAATT	12	+
M00249	CHOP:C/EBPalpha	NNRTGCAATVSYY	13	+
M00250	Gfi-1	NNNNNNNAAATCWVWGYNNNNNNN	24	+
M00251	XBP-1	DNRNTKACGTGKNNHWD	17	+
M00252	TATA	VTATAWAWVNVNNNN	15	+
M00256	NRSF	TTCAGCACCRMGGACAGMRSC	21	+
M00258	ISGF-3	BAGTTTCWBTTTYNS	15	+
M00260	HLF	RTTACRYMAY	10	+
M00261	Olf-1	NNMDABTCCCYNGRGRRBNKRN	22	+
M00262	Staf	NNYWCCCABMATGCAHYRCRNB	22	+
M00264	Staf	NNBWCCCANVNTBCMNNNMNV	21	+
M00278	Lmo2 complex	NHGATANSS	9	+
M00279	MIF-1	NNGTTGCWWGGYAACNKS	18	+
M00280	RFX1	NNRKHRCNWRGYAACNN	17	+
M00281	RFX1	NNRKHRCNNWRGYAACNN	18	+
M00284	TCF11:MafG	VHNNNRTGACDHAGCANDWVHB	22	+
M00285	TCF11	GTCATNNNNNNNN	13	+
M00287	NF-Y	NNNRRCCAATSRNNDN	16	+
M00289	HFH3 (FOXI1)	DNNTRTTTRTWTD	13	+
M00290	Freac-2	BNHNNGTAAACAHNNN	16	+
M00291	Freac-3	NNNVNGTAAATAAASM	16	+
M00292	Freac-4	SYWAWGTAAACANHVN	16	+
M00294	HFH8 (FOXF1A)	NNDTGTTTATDYR	13	+
M00302	NF-AT	HNNWGGAAAHHN	12	+
M00322	c-Myc:Max	VSCAYGYGSN	10	+
M00325	NRSE	WTYAGMWCCDCGGASAGYRCC	21	+
M00326	Pax-1	CCGTTCCGCTCTAGATAT	18	+
M00327	Pax-3	NNNNNNBGTCACGSTHNNNNN	21	+
M00328	Pax-8	DBHNHNNHGMRTGRNNNN	18	+
M00332	Whn	NNNSACGCBNN	11	+
M00338	ATF	NTGACGTHWNHS	12	+
M00339	c-Ets-1	VSAGGAARYNNBDNV	15	+
M00341	GABP	VCCGGAAGNGSD	12	+
M00342	Oct-1	HATGCAAATN	10	+
M00346	GATA-1	NNHGATAAVN	10	+
M00347	GATA-1	MNAGATAAVR	10	+
M00348	GATA-2	NNWGATAASN	10	+
M00349	GATA-2	NSWGATAWNA	10	+
M00350	GATA-3	NVHGATAAND	10	+
M00360	Pax-3	TCGTCACRCHYHV	13	+
M00373	Pax-4	NGNVKTSANGSGYVNNSNNBN	21	+
M00377	Pax-4	NAHWAATTDVV	11	+
M00378	Pax-4	NNNNHYCACMSB	12	+
M00380	Pax-4	RNWAAWWRNNNNNNHNNNNNNNHHSAYHSB	30	+
M00394	Msx-1	HNBTWWNTG	9	+
M00395	HOXA3	SVTWNDDKB	9	+
M00396	En-1	RTDNTNN	7	+
M00403	aMEF-2	VKSDYTAAAAATAVCYMM	18	+
M00405	MEF-2	VKSNHTAAAWWWVMNY	16	+
M00406	MEF-2	SKYTAAAAATAACYCH	16	+
M00407	RSRFC4	HNKCTAWWAATAGMHHN	17	+
M00410	SOX9	NNNDAACAATRRNN	14	+
M00412	AREB6	NHYDYACCTGWVY	13	+
M00413	AREB6	NNWCACCTNWNN	12	+
M00414	AREB6	VBRCACCTGKDV	12	+
M00416	Cart-1	NVNTAATKNNHATTABBN	18	+
M00418	TGIF	ASYTGTCANDW	11	+
M00419	MEIS1	NHNTGACAGNNN	12	+
M00420	MEIS1A:HOXA9	TGACAGKTTWAYGA	14	+
M00421	MEIS1B:HOXA9	TGACASBTTWAYRR	14	+
M00423	FOXJ2	VYMAYAATAYTTKN	14	+
M00424	Nkx6-1	HWTTTAATKGNWT	13	+
M00425	E2F	TTTSGCGC	8	+
M00426	E2F	TTTSGCGS	8	+
M00428	E2F-1	BKTSSCGS	8	+
M00430	E2F-1	NTTSGCGG	8	+
M00432	TTF1 (Nkx2-1)	WSTCAAGWRK	10	+
M00436	IPF1	RHNNTAATGWMM	12	+
M00437	CHX10	NNNTAATTAGCNNN	14	+
M00447	AR	AGWRSNYNWWGTWCT	15	+
M00448	Zic1	BRGBKNGYM	9	+
M00449	Zic2	DNGGNRSTN	9	+
M00453	IRF-7	NNSGAAWNYGAAWNYNNN	18	+
M00454	MRF-2	VWSBHBAATACHVM	14	+
M00457	STAT5A (homodimer)	NRNTTCYNGGAANYN	15	+
M00459	STAT5B (homodimer)	NDWTTCYNGGAANHN	15	+
M00460	STAT5A (homotetramer)	TTCBNVGAANNNNNNTWCNNNRDR	24	+
M00462	GATA-6	NNHGATWNNN	10	+
M00463	POU3F2	ATGMATWWATTMAT	14	+
M00464	POU3F2	TTATGYTAAT	10	+
M00466	HIF1	HRKACGTGSVKB	12	+
M00467	Roaz	GCACCCWWGGGTGM	14	+
M00468	AP-2rep	CWGTRKD	7	+
M00480	LUN-1	TCCCAGCTACTTTGGGA	17	+
M00481	AR	GGWACRNNNTGTNCY	15	+
M00482	Pitx2	WNTAATCCCNV	11	+
M00483	ATF6	TGACGTGG	8	+
M00484	Ncx	NNKYAANDNN	10	+
M00485	Nkx2-2	WTAAGTRSTT	10	+
M00486	Pax-2	NNNAAASNN	9	+
M00489	Nkx6-2	NWRDTAAWWNNN	12	+
M00490	Bach2	SRTGMGTCANV	11	+
M00492	STAT1	BNNTTCCS	8	+
M00493	STAT5A	NNWTTCYN	8	+
M00494	STAT6	NDDTTCNN	8	+
M00495	Bach1	VNNATGAGTCATNNB	15	+
M00496	STAT1	NNNTTMBN	8	+
M00497	STAT3	NNNTTCCN	8	+
M00498	STAT4	SNWTTCNN	8	+
M00499	STAT5A	NNNTTCYN	8	+
M00500	STAT6	NNYTTCYH	8	+
M00512	PPARgamma:RXRalpha	NNDRRGGTCAAAGGTCAHVND	21	+
M00513	ATF3	NBSTGACGTCANYS	14	+
M00514	ATF4	SVTGACKYMRBV	12	+
M00515	PPARgamma:RXRalpha, PPARgamma	AASTAGGTCANNNTSACCYAVWT	23	+
M00516	E2F	TTTSGCGCSMDN	12	+
M00517	AP-1	NNDTKASTCABNN	13	+
M00518	PPARalpha:RXRalpha	NNNGGTYATDNGGGTSRNK	19	+
M00526	GCNF	NBCAAGKTCAAGKTCANN	18	+
M00528	PPAR	WNBHNGGNYAAAGGTCA	17	+
M00531	NERF1a	YRNCAGGAAGYRNSYBDS	18	+
M00532	RP58	NNAACATCTGGM	12	+
M00538	HTF	VDHHWDNDMCACGTCABYNHWNDN	24	+
M00539	Arnt	NVNNNVKCACGTGMBNNNBN	20	+
M00615	c-Myc:Max	NNNNNNNCACGTGNNNNNNN	20	+
M00616	AFP1	ATTAAYTRCAC	11	+
M00619	Alx-4	CCTGAGAATAATC	13	+
M00621	C/EBPdelta	MATTKCNYMAYY	12	+
M00622	C/EBPgamma	YYBAYKWMARAWW	13	+
M00623	Crx	YNNNTAABBYBHB	13	+
M00624	DBP	AGCAHWH	7	+
M00626	RFX1 (EF-C)	MRWYRCYWKGSWAM	14	+
M00630	FOXM1	ARHTDGABT	9	+
M00631	FXR/RXR-alpha	YARGKTSAWTRACC	14	+
M00632	GATA-4	ARAWWDMRGRSA	12	+
M00634	GCM	MNNRCCCRCATD	12	+
M00638	HNF4alpha	VTGAMCTTTGMMB	13	+
M00641	HSF	TTCBMGVRGYTTC	13	+
M00644	LBP-1	CVGCTGS	7	+
M00647	LXR	YRGGGTYACYNNVGGTCA	18	+
M00648	MAF	TDGRRGGAAGTKKBSD	16	+
M00650	MTF-1	KBTGCACHCRGCMS	14	+
M00651	NF-muE1	CSGCCATCT	9	+
M00652	Nrf-1	CGCRTGCGCR	10	+
M00658	PU.1	WGRGGAAS	8	+
M00665	Sp3	ASMMYWSKGSRGGG	14	+
M00671	TCF-4	SCTTTGAW	8	+
M00672	TEF	ATGBTHAHATAA	12	+
M00678	Tel-2	HTACTTCCTG	10	+
M00687	alpha-CP1	MARCCAATGAG	11	+
M00690	AP-3	YCYMMAYW	8	+
M00691	ATF1	CYNTGACGWCA	11	+
M00693	E12	RRCAGGTGBHV	11	+
M00694	E4F1	SHTACGTCAC	10	+
M00698	HEB	RCCWGCTG	8	+
M00699	ICSBP	RAARWGAAACTR	12	+
M00701	SMAD3	YGTCTGHCT	9	+
M00704	TEF-1	GRRATG	6	+
M00717	Pax-8	NNNHNNHBVRTGRNN	15	+
M00721	CACCC-binding factor	CRNYMNNWGGGTGDGG	16	+
M00726	USF2	CASGYG	6	+
M00727	SF1	TRACCTTG	8	+
M00729	Cdx-2	MNWNTTTTATDRCH	14	+
M00733	SMAD4	SNSRKBSAGMCANMY	15	+
M00736	E2F-1:DP-1	WTTSSCGC	8	+
M00737	E2F-1:DP-2	TTTSSCGC	8	+
M00738	E2F-4:DP-1	TTTSGCGC	8	+
M00739	E2F-4:DP-2	WTTSSCGC	8	+
M00740	Rb:E2F-1:DP-1	TTTSGCGC	8	+
M00746	Elf-1	RNWNSAGGAARW	12	+
M00747	IRF-1	TTCABTT	7	+
M00750	HMG IY	GKAAAWY	7	+
M00761	p53 decamer	RRRCWWGNBN	10	+
M00762	PPAR, HNF-4, COUP, RAR	DGSNCANRGKHCW	13	+
M00763	PPAR direct repeat 1	WGACCTNTGNCCH	13	+
M00764	HNF4 direct repeat 1	TGRMCTTTGNCCH	13	+
M00765	COUP direct repeat 1	TGACCTTTGNCYY	13	+
M00766	LXR direct repeat 4	TGACCKNNNNTRACCC	16	+
M00767	FXR inverted repeat 1	RGGTBAATRACCY	13	+
M00769	AML	NNNBHTGTGGTYWNN	15	+
M00771	Ets	HNNNRYTTCCTS	12	+
M00772	IRF	BNNNBTTTCHNTTYY	15	+
M00773	MYB	NNNBNCMGTTN	11	+
M00774	NF-kappaB	NNNNNGGRAANTCCCN	16	+
M00775	NF-Y	NNBNRRCCAATSR	13	+
M00776	SREBP	VNNVTCACCCYA	12	+
M00777	STAT	NNNNNTTCYDRGR	13	+
M00778	AhR	BKNGCGTGHNN	11	+
M00789	GATA	WGATARN	7	+
M00790	HNF1	DDGTTAMTNDTYDNYNNN	18	+
M00791	HNF3	NHRDRYAAAYANN	13	+
M00792	SMAD	AGACHBNNN	9	+
M00793	YY1	GCCATBTYB	9	+
M00794	TTF-1 (Nkx2-1)	NNBNCAAGNNNN	12	+
M00795	Octamer	NNWTTTRCATD	11	+
M00796	USF	VVVCASGTGRSN	12	+
M00797	HIF1	SNVKACGTGCNBBN	14	+
M00799	Myc	CACGTGB	7	+
M00800	AP-2	SSCSSMRGGCNRNRNN	16	+
M00801	CREB	CGTCAB	6	+
M00802	Pit-1	NMTTCWTDHWYRWHNHNH	18	+
M00804	E2A	NCASCTGBYNYNKN	14	+
M00805	LEF1	TCAAAG	6	+
M00806	NF-1	NNNDNNNNNNGCCAANN	17	+
M00808	Pax	CTGGAAMTMAC	11	+
M00810	SRF	SCCAWATAWGGMNMBNBN	18	+
M00821	Nrf-2	NNGMWNAGTCABN	13	+
M00912	C/EBP	NTTDCNHMABNH	12	+
M00913	MYB	NAACBRNVN	9	+
M00916	CREB	VNNNRCGTCABNDB	14	+
M00917	CREB	NNVTGACGYMN	11	+
M00918	E2F	TTTSGCGSB	9	+
M00919	E2F	BVSCGCSAARN	11	+
M00920	E2F	NBMSCGCSAARN	12	+
M00921	GR	NNTGTNCW	8	+
M00922	SRF	CCAWATAWGGMNMBD	15	+
M00924	AP-1	TGACNHMNNBNN	12	+
M00925	AP-1	NTGAYNHMN	9	+
M00926	AP-1	KDNGTCAN	8	+
M00927	AP-4	RNCWGMTGY	9	+
M00929	MyoD	NNVVVVCAGSTGNNNNNN	18	+
M00930	Oct-1	DNWTTTNCATD	11	+
M00935	NF-AT	NHGGAAANHN	10	+
M00938	E2F-1	WKSGCGCSRVANVGVM	16	+
M00939	E2F-1	YTTSGCGSB	9	+
M00940	E2F-1	DTTTSSCGSS	10	+
M00941	MEF-2	DGYTATWTTWAD	12	+
M00947	CP2/LBP-1c/LSF	RCTGGNTNNNDCYDG	15	+
M00953	AR	NNNDNDRGNACRNNKTGTTCTNNNNNN	27	+
M00954	PR	NNNDNNDGDWSVNNNTGTTCTNNNNNN	27	+
M00955	GR	NNNNNNNRDNSNNNNTGTTCTNDNBNN	27	+
M00956	AR	NNNNNNRGDACRNNNTGTTCTNDNNNN	27	+
M00957	PR	NDNNNDRKNACDNDNTGTTCTDDNNNN	27	+
M00959	ER	NAGGTCANNNY	11	+
M00960	PR, GR	NWNDGRACAN	10	+
M00961	VDR	VNBNNTGAMCCN	12	+
M00964	PXR, CAR, LXR, FXR	DRGGTYANDRDM	12	+
M00965	LXR, PXR, CAR, COUP, RAR	YGNMCKNNHBTRACCYN	17	+
M00966	VDR, CAR, PXR	RRYSNMCYYNNTSMMCYNBBK	21	+
M00967	HNF4, COUP	NRRGKCCAN	9	+
M00971	Ets	NYTTCCKB	8	+
M00972	IRF	RRAANDGAAAN	11	+
M00973	E2A	CABCTGBY	8	+
M00974	SMAD	HDNNCAGACWN	11	+
M00976	AhR, Arnt, HIF-1	NRCGTGNNN	9	+
M00977	EBF	BTCCCYWGRGD	11	+
M00978	LEF1, TCF1	VCTTTGWWSNN	11	+
M00979	Pax-6	CTGACCTGGAACTM	14	+
M00980	TBP	TTTATNN	7	+
M00981	CREB, ATF	NTGACGYND	9	+
M00983	MAF	NVHKGAGTCAD	11	+
M00984	PEBP	VNWVACCACARVNND	15	+
M00991	Cdx	NAYHRHHVRRBHHRTAWM	18	+
M00992	FOXP3	RWVVDGTTDTBDCAKAB	17	+
M00993	TAL1	DCCABCTGNY	10	+
M00997	DEC	VBBCAHGTGADBN	13	+
M00998	Pbx	GATKGAWKKNNN	12	+
M01000	AIRE	GVTTATTAAKTGGTTATATTGGKTD	25	+
M01003	Helios A	HNWHGGGANNN	11	+
M01007	SRF	NNKNBCCWTWTWTGGNNNB	19	+
M01009	HES1	NNSBCKYGTGSNNNN	15	+
M01011	HNF1	NNNNRNHAANNATWAASHNNN	21	+
M01014	SOX	MTCTTTGTTWNRN	13	+
M01017	Pbx-1	NNATCAANYRNN	12	+
M01019	TBX5	NDAGGTGTBRNN	12	+
M01020	TBX5	BNDGGTGTKV	10	+
M01022	LEF1	BWWCAAAGNV	10	+
M01023	HSF1	HTTCTRGAAVNTTCKYM	17	+
M01028	NRSF	GYDCTGTCCRYGGTGCTGR	19	+
M01029	TFE	NCAYGTGN	8	+
M01031	HNF4	NGDBCAAAGKYCAN	14	+
M01032	HNF4	AGKYCA	6	+
M01033	HNF4	NGDBCA	6	+
M01034	Ebox	NCACVTGNYN	10	+
M01035	YY1	NHNKCCATNWN	11	+
M01036	COUPTF	BNNNNTGMMCYYTVVHCNYBNMN	23	+
M01037	GLI	HBTGGGTGGTCB	12	+
M01042	GLI1	GACCACCCAV	10	+
M01043	Nkx2-5	YBYCACTTSM	10	+
M01044	TBX5	YTCACACCTK	10	+
M01045	AP-2alphaA	NNHGCCYBRGGSBNB	15	+
M01047	AP-2alphaA	VNMGCCTNAGGCKNB	15	+
M01058	Gfi1b	YAAATCASKKCD	12	+
M01067	Gfi1	NNNAATCHNDNBN	13	+
M01069	GZF1	TGCGCBTMTATA	12	+
M01073	HIC1	BNVSRBTGCVSSVNNBNB	18	+
M01075	PLZF	KTVNWNNKNHKNTAAANYWKKRHYWRNKY	29	+
M01078	c-Ets-1 p54	NNNDSCGGAWRYNNBN	16	+
M01100	LRF	VDVRMCCCC	9	+
M01105	ZBRK1	GGGSMRCAGNHVTTT	15	+
M01108	HOXA7	YCAATCK	7	+
M01109	SZF1-1	CCAGGGTWWMAGMNG	15	+
M01111	RBP-Jkappa	TTCCCAYD	8	+
M01112	RBP-Jkappa	NNCGTGGGAAM	11	+
M01116	CLOCK:BMAL	MCACGTGR	8	+
M01117	OTX	GATTANNW	8	+
M01119	KAISO	HTCCTGCBAD	10	+
M01127	ISL1	DVNTAATRD	9	+
M01131	SOX10	MWTTGTV	7	+
M01132	SF1	TDRCCTTGN	9	+
M01137	FOXO3A	NRWAAAYAANNN	12	+
M01138	RORalpha	WWRNTRGGTCA	11	+
M01139	LMAF	RSTCAGCAG	9	+
M01142	LRH1	NNRRCCTTGVAN	12	+
M01145	c-Myc	DACCACGTGSTC	12	+
M01146	DMRT1	YKGMWACAWTGTWKY	15	+
M01147	DMRT2	BAWWWTGWTACATTKW	16	+
M01148	DMRT3	NDWTTGWTACAWTNH	15	+
M01153	PXR (PXR:RXR)	NVAGKTCA	8	+
M01154	c-Myc	KACCACGTGSYY	12	+
M01163	Elk-1	AACCGGAAGTR	11	+
M01165	Elk-1	DACCGGAAGTR	11	+
M01167	SAP-1a	NACCGGAAGYV	11	+
M01168	SREBP	NNNNYCACNYBMBNN	15	+
M01169	Ikaros	BBTGGGAGRN	10	+
M01171	BCL6	NBTTCNAGGW	10	+
M01173	SREBP1	NNNNYCACNYSMBNN	15	+
M01177	SREBP2	NNNYCABNNNNN	12	+
M01181	Nkx3-2	BRAGTG	6	+
M01182	MIZF	CGGACGTT	8	+
M01185	BCL6	WRCTTTCBASGRWT	14	+
M01195	TBX22	AGGTGTGAAWTTSWCACCT	19	+
M01196	CTF1	TGGCASNDNGCCAA	14	+
M01197	ELF5	WHVMGGAWRYD	11	+
M01200	CTCF	NBNRCCWSNAGRKGGMRSNV	20	+
M01201	AR	GGNACRNNRYGTDCY	15	+
M01202	VDR:RXR	RGGTCAHNGRGTTCR	15	+
M01204	SPI-B	VRAAWSMGGAAGTDNBH	17	+
M01207	ETS2	YYTCCNK	7	+
M01208	FLI1	MMGGAWGYVMB	11	+
M01209	GAF	CRNATTCCYNK	11	+
M01211	PARP	YDRGAAWWWS	10	+
M01212	STAT1:STAT1	NTTTCMMRGAARN	13	+
M01217	NUR77	NTGRCCTTBN	10	+
M01220	STAT3:STAT3	TTKMBGGGAAMHVB	14	+
M01223	P50:P50	NRGGGAMTBYCMB	13	+
M01224	P50:RELA-P65	GGRNKTYCCCHN	12	+
M01227	MAFB	GNTGAB	6	+
M01233	IPF1	VVNTAATNAS	10	+
M01234	IPF1	MVCTAATRAS	10	+
M01235	IPF1	VVSTAATTAS	10	+
M01236	IPF1	CATTAATMRR	10	+
M01237	TRF1	YTAGGGTTAGGGTTR	15	+
M01239	RelB:p52 (NF-kappaB)	GGGGVWTTCC	10	+
M01240	BEN	CAGCSRNV	8	+
M01241	BEN	CWGCGAYA	8	+
M01242	MTF1	GTGTGCADMACTTTGCGCAC	20	+
M01243	MTF1	TGCVCMC	7	+
M01244	HSF2	GAANRTTCTAGAA	13	+
M01245	mTERF	TGGTWVWRGTYGGT	14	+
M01247	Nanog	DNDNVRDRACAAWRRNNNNN	20	+
M01248	Dax1	NNDNNNVAAGGTCANNNNNN	20	+
M01249	HIF-2alpha	VNACGTGHNN	10	+
M01250	E2F1	HNTTTCHN	8	+
M01251	E2F1	VRAAAHST	8	+
M01255	IPF1	NVHCATTAANHN	12	+
M01256	REST	NNNNGSHDCTGTCCNNGGTSCT	22	+
M01257	SRF	NNCCWWAWAWGGNVNNNN	18	+
M01258	GABP	NRCTTCCGGBNN	12	+
M01259	CTCF	NNNBNNCCASNAGRKGGMRV	20	+
M01260	STAT1	NNNTTCYDGGAARNNNNNNNNN	22	+
M01261	HNF3A	RWGYAAACAN	10	+
M01262	TBX18	AGGTGTGAAAWTSKCACCT	19	+
M01267	FRA1	TGAGTCAN	8	+
M01268	FXR	AGGTCAN	7	+
M01269	NURR1	YRRCCTT	7	+
M01272	SOX2	NNNNYCWTTGTNWTKN	16	+
M01275	IPF1	MATTAR	6	+
M01279	IRF3	BBNBTTTCSCKTH	13	+
M01284	SOX9	RHWCAAAGRVN	11	+
M01287	Neuro D	CAGCTG	6	+
M01288	NeuroD	BNSCWGCTGNBY	12	+
M01298	MECP2	CCGGVNNNHNNWWWW	15	+
M01299	MECP2	CCGGVNWWWD	10	+
M01300	HMGA2	ATATTSSSSNWWATT	15	+
M01301	MEF2A	RGYTATTTTTAR	12	+
M01305	TEF	YACATTCCWSNK	12	+
M01306	ZABC1	WTTCYNVC	8	+
M01307	POU5F1	NATGCAANNN	10	+
M01308	SOX4	AACAAWGR	8	+
M01312	Nkx2-1	NNRNCCACTTRAVHWH	16	+
M01313	Six-1	NHDVRGGTATCANNNND	17	+
M01314	lhx6.1	NNNHRYTAATTARNNBW	17	+
M01317	HOXC13	NNNNCTCRTAAAWHND	16	+
M01319	HoxB5	NNDNTAATTANHNNDN	16	+
M01320	Prop-1	NNNNTTAATTAANNNNN	17	+
M01321	HOXC-8	NHNNNDTAATTAHNNB	16	+
M01324	Octamer	NHNNTATGCATAWDNNW	17	+
M01325	LH-2	DNNVYTAATTARNNNNN	17	+
M01327	Vax-2	NNNNVYTAATTAVBNV	16	+
M01329	HOXC11	NNNNGTCGTAAANNNN	16	+
M01332	Barhl-1	NNNAABCAATTARNNN	16	+
M01337	HOXA3	NNNNRBTAATTAVY	14	+
M01338	HOXD3	HWNNDNTAATTANHNB	16	+
M01340	Barx1	HNRVYAATTRBYNNDH	16	+
M01342	CDP	RNNVNHTRATYANNDNN	17	+
M01344	CDP	DNNYDATRATHRNDN	15	+
M01345	Six-6	NNNNGGGTATCANNHNB	17	+
M01346	TGIF1	NNNWWTGACAGCKNNBN	17	+
M01348	K-2b	NNNRYTAATTARBTNNB	17	+
M01349	HB9	NNVNTAATTASBDNNV	16	+
M01351	hoxa9	NVDBYMATWAAAHNNDD	17	+
M01353	Lhx5	NNNRTTAATTAAHWNNB	17	+
M01355	ALX-3	WNNVYTAATTARYYNNN	17	+
M01356	PMX2B	VNNHVTTAATTAABDNN	17	+
M01357	Pbx1	NBWHNCATCAAWNHNNV	17	+
M01358	Six-3	DADNGGGTATCAHNDNB	17	+
M01361	HOXC10	NNNNGTCRTAAANNNN	16	+
M01362	CART1	NSNDYTAATTARNNNNN	17	+
M01365	En-1	NNNAANTAATTADBNN	16	+
M01366	Otx1	NNNRVGGATTAWNHNNN	17	+
M01368	Oct-2	NNNTATGCAAATNNNN	16	+
M01369	HOXC4	MNNNTTAATTAANNVNN	17	+
M01370	HOXA4	NNYNRWTAATTAWBDNN	17	+
M01372	NKX22	NNVDMCACTTGARWNNN	17	+
M01373	Cdx-1	NNNGGYMATAAAWNNN	16	+
M01374	six4	NNNNNTGACACCNNNNV	17	+
M01379	HNF-1alpha	NNBNNGTTAACYDVNNN	17	+
M01382	Gbx2	DNNRCTAATTAGYNNNN	17	+
M01383	Nkx3A	NNNDAAGTACTTWRNDN	17	+
M01385	Pax-4	WNNNYTAATTARHNVNN	17	+
M01387	Otx2	NDNVRGGATTAANHNNN	17	+
M01388	dlx5	NNVVYAATTRNBBNNN	16	+
M01389	rax	WVNNYTAATTARYBVVN	17	+
M01391	pax6	YNMYTAATTADKKNNN	16	+
M01392	HOXA6	VHNDTAATTAMNHNWN	16	+
M01393	Msx-2	NNNVRCYAATTADHNNB	17	+
M01395	MRG2	NDNNASCTGTCAWNNN	16	+
M01398	Six-6	NWWVGGGTATCAHNHNB	17	+
M01400	dlx3	NNNVNRTAATTABMNNN	17	+
M01402	HoxA2	RNDBTAATTANHHHAN	16	+
M01403	Otx3	NDDDNVGGATTADBNNN	17	+
M01405	Irx2	WNNNTACATGTANNNNH	17	+
M01407	TGIF2	NDNNASCTGTCAAWNN	16	+
M01408	Brn-3c	NNDHATTAATKANBHH	16	+
M01409	Lmx-1	VNNNTTAATTAAWWHNN	17	+
M01410	IRX4	DNNNWACATGTWNDNNN	17	+
M01411	PKNOX2	NNNBRSCTGTCAHHNN	16	+
M01412	Msx-1	NNNNRNTAATTANNNN	16	+
M01413	Nkx5-1	VNNANCAATTAANNVNN	17	+
M01414	NKX25	NNRNCCACTTRAVHYY	16	+
M01415	Shox2	NNNNYTAATTARNNNNN	17	+
M01416	HOXC9	NNNDGTMATWAAHHDN	16	+
M01417	Alx-4	NNNNYTAATTARNNNNN	17	+
M01419	Meis1	NDNBASCTGTCAWWNN	16	+
M01421	Lhx4	NHNNSTAATTASBBDKN	17	+
M01422	lhx6.1	WMNNCTAATTAGYNNNN	17	+
M01425	HNF-1beta	NNNNGTTAACTARNNBN	17	+
M01426	HOXB9	VVRNYMATAAAAHNNN	16	+
M01430	HOXA13	NNNNCTCGTAAAWHNN	16	+
M01431	Barx-2	NNRNTAATTANYNNNN	16	+
M01433	Six-2	NHDRGGGTATCAHNWND	17	+
M01436	Crx	BNNNGSGGATTADBNN	16	+
M01437	HOXC12	NNVVGTCGTAAAWHNNN	17	+
M01438	ipf1	NNRBTAATTANYHNWN	16	+
M01439	Dlx-1	NNNNDNTAATTANB	14	+
M01443	Mox1	VVNDTAATTANNHNAD	16	+
M01444	PMX2A	NNNHRYTAATTARBNV	16	+
M01446	Barhl2	NHHAANCAATTAANNN	16	+
M01447	PITX2	NDNNRGGATTARYNNNN	17	+
M01449	Cdx-2	NNNRGYMATAAAHNNN	16	+
M01452	HOXA5	VNNBTAATTAVNHNDN	16	+
M01453	CART1	NNNNTTAATTAANNNNN	17	+
M01454	HOXC5	VNHRBTAATTAVNNMNN	17	+
M01455	En-2	WVNNYTAATTARYNNNN	17	+
M01459	PREP1	DDNBASCTGTCAWWNN	16	+
M01460	HOXB6	HWDNNKTAATTACNNN	16	+
M01461	EMX2	WVNNYTAATTARYNNNN	17	+
M01462	POU6F1	NHNNATAATGAGSWNNN	17	+
M01464	HOXA10	DNNRYMATWAAWHDHW	16	+
M01465	Pit-1	NNNKAATTAATTANNNN	17	+
M01468	Dlx-2	VNDDYAATTRBHHNNN	16	+
M01469	NKX6.1	NNYWATTAATKABNYN	16	+
M01471	Lhx3	NNHRTTAATTAADWHNN	17	+
M01473	Brn-4	NNNDAATTAATTANNNN	17	+
M01474	Esx1	NNNNRYTAATTARNNNW	17	+
M01475	Evx-1	WNNNSTAATTASYNNNN	17	+
M01476	POU2F3	NNNTATGCAAATNNNN	16	+
M01477	Octamer	NNNWNYTAATTARBNNN	17	+
M01479	POU6F1	NHNVWTAATKAGBWNNN	17	+
M01481	HMX1	NNVRGCAATTAANNVNN	17	+
M01482	Nkx3-2	NHNVNSCACTTADNNNN	17	+
M01484	Pitx1	NNVNRGGGATTAAMDNN	17	+
M01486	Dlx7	NNNNNDTAATTANHNNN	17	+
M01487	HOXA1	NHNNRBTAATTAVNNB	16	+
M01488	Meis2	NDNBASCTGTCAAWNN	16	+
M01489	NKX6.1	NNNDATTAATTANNNNB	17	+
M01589	ERR2 (ESRRB)	YCAAGGTCANNN	12	+
M01592	LBP9 (Tcfcp211)	CYRGHNNVARCYRGHYN	17	+
M01595	STAT3	NNTKCYRGGAANNVNN	16	+
M01596	GLI3	STGGGTGGYCH	11	+
M01650	PNR	RARRTCAAARRTCA	14	+
M01651	P53	DRRCATGYYHRGRCWTGYYH	20	+
M01652	p53	RRNCWWGBYYVRRCHWGYYB	20	+
M01653	HMGIY	DDNWWTTN	8	+
M01658	AML1	TGTGGTK	7	+
M01659	Cdx-2	BNNRTAAANDN	11	+
M01660	GABP-alpha	CTTCCK	6	+
M01661	hbp1	BTCAATVDR	9	+
M01665	IRF8	ARTTTCW	7	+
M01666	STAT4	TTCMNAKAADHNMV	14	+
M01692	LTF	GKVACTKNN	9	+
M01702	GLI1	GACCACCCANG	11	+
M01703	GLI2	GACCACCCANS	11	+
M01704	GLI3	GACCACCCANK	11	+
M01705	TCF4	NYTTTSATS	9	+
M01709	MAFA	TCAGCHN	7	+
M01712	CRX	NTAATC	6	+
M01716	MATH1	NCASCTGKYN	10	+
M01718	NFAT2	TTTCCDN	7	+
M01719	OTX2	DVDVVGATTARNN	13	+
M01721	PUR1	DRGVMAGNN	9	+
M01722	RORBETA	TGACCYA	7	+
M01723	SATB1	WKWWWTAAHGRYMNWW	16	+
M01724	TERALPHA	NNBBRGGTCAV	11	+
M01725	TR4	MSTGACCTYTS	11	+
M01728	EAR2	YNNNCTTTGNCCYN	14	+
M01733	MZF1	KGGGGAV	7	+
M01735	PITX3	NRGMTTANM	9	+
MA0017	NR2F1	TGAMCTTTGVMCHB	14	+
MA0024	E2F1	TTTSGCGC	8	+
MA0025	NFIL3	TTAYGTAAYNN	11	+
MA0028	ELK1	NNNMCGGAAR	10	+
MA0030	FOXF2	BNHNSGTAAACAHN	14	+
MA0031	FOXD1	GTAAACAN	8	+
MA0032	FOXC1	NNNVNGTA	8	+
MA0036	GATA2	NGATN	5	+
MA0037	GATA3	HGATWR	6	+
MA0050	IRF1	VAAAVYGAAASY	12	+
MA0051	IRF2	SGAAAGYGAAASYNWWHH	18	+
MA0052	MEF2A	CTATTTWTAG	10	+
MA0055	Myf	MRRCARCWGSWG	12	+
MA0056	MZF1_1-4	NGGGGA	6	+
MA0058	MAX	DRHCACGTGN	10	+
MA0059	MYC::MAX	DRSCACGTGGY	11	+
MA0066	PPARG	NTRGGTCANNDTSACCYANW	20	+
MA0069	Pax6	TTYACGCWTSANTK	14	+
MA0070	PBX1	NNATCAATCAWN	12	+
MA0071	RORA_1	WWNDAGGTCA	10	+
MA0072	RORA_2	NDWAWBTAGGTCAN	14	+
MA0074	RXRA::VDR	RGGTCAHNGRGTTCR	15	+
MA0076	ELK4	ACCGGAAGY	9	+
MA0077	SOX9	DWACAATRG	9	+
MA0080	SPI1	AGGAAGT	7	+
MA0081	SPIB	WSMGGAA	7	+
MA0083	SRF	GMCCWTATAWGG	12	+
MA0084	SRY	NNWNACAAW	9	+
MA0090	TEAD1	YACATTCCWSNK	12	+
MA0091	TAL1::TCF3	NNAMCATCTGKT	12	+
MA0093	USF1	CACGTGD	7	+
MA0095	YY1	DCCATN	6	+
MA0098	ETS1	NWTCCD	6	+
MA0101	REL	BGGRNWTTCC	10	+
MA0105	NFKB1	GGGGRWYCCCC	11	+
MA0106	TP53	NVGRACATGYCCGGGCATGT	20	+
MA0107	RELA	SGGRVTTTCC	10	+
MA0112	ESR1	NNNNNRGGKCANNNTGMCCY	20	+
MA0115	NR1H2::RXRA	MRAGGTCAAAGGTCAAS	17	+
MA0119	TLX1::NFIC	TGGCASNDNGCCAA	14	+
MA0124	NKX3-1	DTACTTA	7	+
MA0130	ZNF354C	MWCCAC	6	+
MA0131	MIZF	NWACGTCCGY	10	+
MA0133	BRCA1	NCAAMVS	7	+
MA0137	STAT1	NNHTTCCHRGAANNN	15	+
MA0138	REST	NYCAGBACCNHGGACAGNDVM	21	+
MA0139	CTCF	YNDCCASYAGRKGGCRSHV	19	+
MA0148	FOXA1	TGTTTRCWYWN	11	+
MA0150	NFE2L2	RTGACWHAGCA	11	+
MA0155	INSM1	TGYMWGGGGKYR	12	+
MA0159	RXR::RAR_DR5	RGKTCANVNRVAGKTCA	17	+
MA0258	ESR2	NNRGGTCANNNTGHCCYN	18	+
TBX_zhenyu	TBX	HDHNTSACACNDAGGTGTBANDTK	24	+
TBX_zhenyu_v2	TBX	AGGTGTBA	8	+
LM1_RFX1	RFX1	BKGTTKCCATGGMAACHV	18	-
LM2_CTCF	CTCF	BRSTGCCMYCTDSTGGHNN	19	-
LM4_M2	LM4_M2	RRACTACAWYTCCCAGMAKGCH	22	-
LM9_NRSE	NRSE	KBHNCTGTCCDNGGTGCTGAH	21	-
M00001	MyoD	HRVCACCTGHBB	12	-
M00002	E47	NVVVMCACCTGCNSB	15	-
M00004	c-Myb	CNVNCAACBGYYNBBNBV	18	-
M00005	AP-4	MNGNCHVCAGCTGDBBBW	18	-
M00006	MEF-2	RGRGTTATTTTTAGAV	16	-
M00007	Elk-1	DBGNACTTCCKGTBHN	16	-
M00011	Evi-1	TTATCTTGT	9	-
M00017	ATF	VVNHNACGTCABVD	14	-
M00024	E2F	YMDTTTTCGCGCBDA	15	-
M00025	Elk-1	NNVYTTCCGKNNNN	14	-
M00026	RSRFC4	NDKCTAWAAATAGMHN	16	-
M00032	c-Ets-1(p54)	NRYWTCCKGN	10	-
M00033	p300	VNNNHACTMCHBNN	14	-
M00034	p53	RGACATGCCCGGGCATGTYC	20	-
M00037	NF-E2	RTGASTCAGCD	11	-
M00039	CREB	WKACGTCA	8	-
M00040	ATF2	TTACGTAA	8	-
M00041	ATF2:c-Jun	TRACGTCA	8	-
M00042	SOX5	NNATTGTTNN	10	-
M00045	E4BP4	NRTTACRTAAYN	12	-
M00050	E2F	GCGCSAAA	8	-
M00051	NF-kappaB (p50)	GGGRATCCCC	10	-
M00052	NF-kappaB (p65)	GGAAANYCCV	10	-
M00053	c-Rel	GGAAWNYCCV	10	-
M00054	NF-kappaB	GGRAWKYCCC	10	-
M00055	N-Myc	NNNCACGTGNNN	12	-
M00056	myogenin / NF-1	DNYTGGCNSVNYKCCAAWNNVVASNGSYR	29	-
M00058	HEN1	NNDKGNMVCAGCTGVKNCCHNN	22	-
M00059	YY1	NNNNNWANATGGNNNBN	17	-
M00062	IRF-1	RSTTTCRSTTTTS	13	-
M00063	IRF-2	RSTTTCRCTTTTC	13	-
M00065	Tal-1beta:E47	NNNAMCATCTGKHNNN	16	-
M00066	Tal-1alpha:E47	NNNAMCATCTGKYNNN	16	-
M00068	HEN1	NNDKGNMNCAGCTGNGNCCNNN	22	-
M00069	YY1	WNSADNSWAGATGGCVSNNN	20	-
M00070	Tal-1beta:ITF-2	NNNRMCATCTGTTNNN	16	-
M00071	E47	NNBWRCACCTGYDNNN	16	-
M00072	CP2	CTKGKTHKDGC	11	-
M00073	deltaEF1	NNHAGGTGNDN	11	-
M00074	c-Ets-1(p54)	NNDNWTCCKBNNN	13	-
M00075	GATA-1	NNNNATCNNN	10	-
M00077	GATA-3	NNHHATCNN	9	-
M00078	Evi-1	TTATCTTATCTTRTCW	16	-
M00079	Evi-1	TTATCTTRTCH	11	-
M00080	Evi-1	WTATCTTATCT	11	-
M00082	Evi-1	HTATCTTATCT	11	-
M00085	ZID	GRYSMTRGAGCCV	13	-
M00095	CDP	ATCGATTATTGG	12	-
M00097	Pax-6	NNBMANTSAWGCGTRAANNDN	21	-
M00098	Pax-2	NNVNDNNYNMDWRAYNDNN	19	-
M00102	CDP	NHDHTRATCGATHNH	15	-
M00104	CDP CR1	SCVATCRATN	10	-
M00105	CDP CR3	CVATANNYRTYKGTG	15	-
M00106	CDP CR3+HD	SVSATCRATB	10	-
M00109	C/EBPbeta	NNHTTDCNHMABNH	14	-
M00113	CREB	NNRCGTCAHCVN	12	-
M00114	Tax/CREB	NNKRCGTCAMCCCNN	15	-
M00115	Tax/CREB	GGGGRTATGCGTCAY	15	-
M00116	C/EBPalpha	NNNKKDNSYAANNN	14	-
M00117	C/EBPbeta	NNNTKDNGCAANNN	14	-
M00118	c-Myc:Max	NDRSCACGTGSYHN	14	-
M00119	Max	NNRNCACGTGNYNN	14	-
M00121	USF	NNRHCACGTGDYNN	14	-
M00122	USF	NNRNCAYRTGNYNN	14	-
M00123	c-Myc:Max	WNNCAYGTGNTN	12	-
M00124	Pbx-1b	DNNTTGATTGATNDN	15	-
M00126	GATA-1	NNNMBTATCDNNNN	14	-
M00127	GATA-1	NYNVYAATCHNSNY	14	-
M00128	GATA-1	NBNNYTATCWBNH	13	-
M00131	HNF3beta	WAWRYAAAYADKNMV	15	-
M00132	HNF1	NDNYAAWNATTAACY	15	-
M00133	Tst-1	NHRBKBWWAWTYMNN	15	-
M00134	HNF4	NNNKGVMCTTTGVHCYNNN	19	-
M00135	Oct-1	NNNVNATTTGCATAHNNNN	19	-
M00136	Oct-1	NNNNTGMATATTVNN	15	-
M00137	Oct-1	NNNYNWTTABNNN	13	-
M00141	Lyf-1	YYTCCCAAA	9	-
M00143	Pax-5	VNDSYSKYYMYNCWNCVNTGMNYNNNKV	28	-
M00144	Pax-5	DBNRYBGTYMCGCTYNAVVHNHCHBDYB	28	-
M00145	Brn-2	DYKBATTWHNNATGNN	16	-
M00146	HSF1	NGHHHNTTCH	10	-
M00147	HSF2	VGAWNNTTCN	10	-
M00150	Brachyury	MATTTSACACCTASGTGTSANDHD	24	-
M00152	SRF	MNBDCCWTATAWGGGCAT	18	-
M00155	ARP-1 (COUP-TF2)	WRRKKTCAWRGRYTCA	16	-
M00156	RORalpha1	DTGACCTHNWWNH	13	-
M00157	RORalpha2	NTGACCTAVWTWH	13	-
M00158	COUP-TF, HNF-4	VDGKBCAAAGKTCA	14	-
M00159	C/EBP	NNNTHWVCAMWBN	13	-
M00160	SRY	HNNWTTGTTWNN	12	-
M00161	Oct-1	RRWATGMWAATBMK	14	-
M00162	Oct-1	NRYATSWMAWWNWK	14	-
M00172	AP-1	DNKNNGTCASY	11	-
M00173	AP-1	WNKNHGTCABY	11	-
M00174	AP-1	NNKDMGTCABN	11	-
M00175	AP-4	NNSWGCTGHB	10	-
M00176	AP-4	NVCAGCTGHB	10	-
M00178	CREB	NNYKRCGTCASN	12	-
M00179	ATF2	NSWKACGTCASB	12	-
M00183	c-Myb	VNHMGTTNNN	10	-
M00184	MyoD	RNCAGVTGBN	10	-
M00185	NF-Y	VYBATTGGYYN	11	-
M00186	SRF	NBCCNTATWTGGNN	14	-
M00187	USF	RHCMYGTGRS	10	-
M00188	AP-1	NNKBAGTCABY	11	-
M00190	C/EBP	NNNYDNHVCAANNN	14	-
M00191	ER	NHNGGTCANNNNNNNYBNN	19	-
M00192	GR	NNWGNACANWNNNNNNNNN	19	-
M00193	NF-1	NNNNNNHNNNNGCCAANN	18	-
M00194	NF-kappaB	NNGGRAMKTCCCMH	14	-
M00195	Oct-1	VKNMTTTGCATNNNB	15	-
M00199	AP-1	VTGASTCAN	9	-
M00201	C/EBP	NRTVNMTTRCVDMABWCN	18	-
M00203	GATA-X	NDBNYYTATCH	11	-
M00205	GR	MAGRACABNNKGTRMM	16	-
M00206	HNF1	KWRKTNAWTVATTARCH	17	-
M00208	NF-kappaB	BGGRAARTCCCN	12	-
M00209	NF-Y	DBTARCCAATCARN	14	-
M00210	OCT-x	DYATGCAAATNAN	13	-
M00215	SRF	NDBNCCATATAWGGH	15	-
M00216	TATA	NTTTTATAGN	10	-
M00217	USF	NCACGTGN	8	-
M00220	SREBP-1	VTCACGTGATN	11	-
M00221	SREBP-1	GTGGGGTGAYM	11	-
M00222	Hand1:E47	NNWDCCAGAYNHNHNN	16	-
M00223	STATx	TTMYRGGAA	9	-
M00224	STAT1	NSNYNHTTCCSGGAADNBNNV	21	-
M00225	STAT3	NNNSAYTTCCSGGAAATVNVN	21	-
M00228	VBP	MTKAYGTAAY	10	-
M00231	MEF-2	NNNDBCTATTTWTAGHHNNNNV	22	-
M00232	MEF-2	NNDDKCTATTTWTAGHDHNNNN	22	-
M00233	MEF-2	NDDTTCTATTTWTAGYAACANN	22	-
M00235	AhR:Arnt	BKKCACGCRMHNHNHM	16	-
M00236	Arnt	NNNNNCACGTGNHHHN	16	-
M00237	AhR:Arnt	GGVHWSKCACGCRATNVHC	19	-
M00240	Nkx2-5	CACTTRW	7	-
M00242	PPARalpha:RXRalpha	TGAMCTWTGNCCTRKWKYWK	20	-
M00243	Egr-1	MCGCCYACGCAW	12	-
M00244	NGFI-C	MCRCCCACGCAW	12	-
M00245	Egr-3	MCGCCYACGCWN	12	-
M00248	Oct-1	AATTAVCATANW	12	-
M00249	CHOP:C/EBPalpha	RRSBATTGCAYNN	13	-
M00250	Gfi-1	NNNNNNNRCWBWGATTTNNNNNNN	24	-
M00251	XBP-1	HWDNNMCACGTMANYNH	17	-
M00252	TATA	NNNNBNBWTWTATAB	15	-
M00256	NRSF	GSYKCTGTCCKYGGTGCTGAA	21	-
M00258	ISGF-3	SNRAAAVWGAAACTV	15	-
M00260	HLF	RTKRYGTAAY	10	-
M00261	Olf-1	NYMNVYYCYCNRGGGAVTHKNN	22	-
M00262	Staf	VNYGYRDTGCATKVTGGGWRNN	22	-
M00264	Staf	BNKNNNKGVANBNTGGGWVNN	21	-
M00278	Lmo2 complex	SSNTATCDN	9	-
M00279	MIF-1	SMNGTTRCCWWGCAACNN	18	-
M00280	RFX1	NNGTTRCYWNGYDMYNN	17	-
M00281	RFX1	NNGTTRCYWNNGYDMYNN	18	-
M00284	TCF11:MafG	VDBWHNTGCTDHGTCAYNNNDB	22	-
M00285	TCF11	NNNNNNNNATGAC	13	-
M00287	NF-Y	NHNNYSATTGGYYNNN	16	-
M00289	HFH3 (FOXI1)	HAWAYAAAYANNH	13	-
M00290	Freac-2	NNNDTGTTTACNNDNV	16	-
M00291	Freac-3	KSTTTATTTACNBNNN	16	-
M00292	Freac-4	NBDNTGTTTACWTWRS	16	-
M00294	HFH8 (FOXF1A)	YRHATAAACAHNN	13	-
M00302	NF-AT	NDDTTTCCWNND	12	-
M00322	c-Myc:Max	NSCRCRTGSB	10	-
M00325	NRSE	GGYRCTSTCCGHGGWKCTRAW	21	-
M00326	Pax-1	ATATCTAGAGCGGAACGG	18	-
M00327	Pax-3	NNNNNDASCGTGACVNNNNNN	21	-
M00328	Pax-8	NNNNYCAYKCDNNDNDVH	18	-
M00332	Whn	NNVGCGTSNNN	11	-
M00338	ATF	SDNWDACGTCAN	12	-
M00339	c-Ets-1	BNHVNNRYTTCCTSB	15	-
M00341	GABP	HSCNCTTCCGGB	12	-
M00342	Oct-1	NATTTGCATD	10	-
M00346	GATA-1	NBTTATCDNN	10	-
M00347	GATA-1	YBTTATCTNK	10	-
M00348	GATA-2	NSTTATCWNN	10	-
M00349	GATA-2	TNWTATCWSN	10	-
M00350	GATA-3	HNTTATCDBN	10	-
M00360	Pax-3	BDRDGYGTGACGA	13	-
M00373	Pax-4	NVNNSNNBRCSCNTSAMBNCN	21	-
M00377	Pax-4	BBHAATTWDTN	11	-
M00378	Pax-4	VSKGTGRDNNNN	12	-
M00380	Pax-4	VSDRTSDDNNNNNNNDNNNNNNYWWTTWNY	30	-
M00394	Msx-1	CANWWAVND	9	-
M00395	HOXA3	VMHHNWABS	9	-
M00396	En-1	NNANHAY	7	-
M00403	aMEF-2	KKRGBTATTTTTARHSMB	18	-
M00405	MEF-2	RNKBWWWTTTADNSMB	16	-
M00406	MEF-2	DGRGTTATTTTTARMS	16	-
M00407	RSRFC4	NDDKCTATTWWTAGMND	17	-
M00410	SOX9	NNYYATTGTTHNNN	14	-
M00412	AREB6	RBWCAGGTRHRDN	13	-
M00413	AREB6	NNWNAGGTGWNN	12	-
M00414	AREB6	BHMCAGGTGYVB	12	-
M00416	Cart-1	NVVTAATDNNMATTANBN	18	-
M00418	TGIF	WHNTGACARST	11	-
M00419	MEIS1	NNNCTGTCANDN	12	-
M00420	MEIS1A:HOXA9	TCRTWAAMCTGTCA	14	-
M00421	MEIS1B:HOXA9	YYRTWAAVSTGTCA	14	-
M00423	FOXJ2	NMAARTATTRTKRB	14	-
M00424	Nkx6-1	AWNCMATTAAAWD	13	-
M00425	E2F	GCGCSAAA	8	-
M00426	E2F	SCGCSAAA	8	-
M00428	E2F-1	SCGSSAMV	8	-
M00430	E2F-1	CCGCSAAN	8	-
M00432	TTF1 (Nkx2-1)	MYWCTTGASW	10	-
M00436	IPF1	KKWCATTANNDY	12	-
M00437	CHX10	NNNGCTAATTANNN	14	-
M00447	AR	AGWACWWNRNSYWCT	15	-
M00448	Zic1	KRCNMVCYV	9	-
M00449	Zic2	NASYNCCNH	9	-
M00453	IRF-7	NNNRNWTTCRNWTTCSNN	18	-
M00454	MRF-2	KBDGTATTVDVSWB	14	-
M00457	STAT5A (homodimer)	NRNTTCCNRGAANYN	15	-
M00459	STAT5B (homodimer)	NDNTTCCNRGAAWHN	15	-
M00460	STAT5A (homotetramer)	YHYNNNGWANNNNNNTTCBNVGAA	24	-
M00462	GATA-6	NNNWATCDNN	10	-
M00463	POU3F2	ATKAATWWATKCAT	14	-
M00464	POU3F2	ATTARCATAA	10	-
M00466	HIF1	VMBSCACGTMYD	12	-
M00467	Roaz	KCACCCWWGGGTGC	14	-
M00468	AP-2rep	HMYACWG	7	-
M00480	LUN-1	TCCCAAAGTAGCTGGGA	17	-
M00481	AR	RGNACANNNYGTWCC	15	-
M00482	Pitx2	BNGGGATTANW	11	-
M00483	ATF6	CCACGTCA	8	-
M00484	Ncx	NNHNTTRMNN	10	-
M00485	Nkx2-2	AASYACTTAW	10	-
M00486	Pax-2	NNSTTTNNN	9	-
M00489	Nkx6-2	NNNWWTTAHYWN	12	-
M00490	Bach2	BNTGACKCAYS	11	-
M00492	STAT1	SGGAANNV	8	-
M00493	STAT5A	NRGAAWNN	8	-
M00494	STAT6	NNGAAHHN	8	-
M00495	Bach1	VNNATGACTCATNNB	15	-
M00496	STAT1	NVKAANNN	8	-
M00497	STAT3	NGGAANNN	8	-
M00498	STAT4	NNGAAWNS	8	-
M00499	STAT5A	NRGAANNN	8	-
M00500	STAT6	DRGAARNN	8	-
M00512	PPARgamma:RXRalpha	HNBDTGACCTTTGACCYYHNN	21	-
M00513	ATF3	SRNTGACGTCASVN	14	-
M00514	ATF4	BVYKRMGTCABS	12	-
M00515	PPARgamma:RXRalpha, PPARgamma	AWBTRGGTSANNNTGACCTASTT	23	-
M00516	E2F	NHKSGCGCSAAA	12	-
M00517	AP-1	NNVTGASTMAHNN	13	-
M00518	PPARalpha:RXRalpha	MNYSACCCNHATRACCNNN	19	-
M00526	GCNF	NNTGAMCTTGAMCTTGVN	18	-
M00528	PPAR	TGACCTTTRNCCNDVNW	17	-
M00531	NERF1a	SHVRSNYRCTTCCTGNYR	18	-
M00532	RP58	KCCAGATGTTNN	12	-
M00538	HTF	NHNWDNRVTGACGTGKHNHWDDHB	24	-
M00539	Arnt	NVNNNVKCACGTGMBNNNBN	20	-
M00615	c-Myc:Max	NNNNNNNCACGTGNNNNNNN	20	-
M00616	AFP1	GTGYARTTAAT	11	-
M00619	Alx-4	GATTATTCTCAGG	13	-
M00621	C/EBPdelta	RRTKRNGMAATK	12	-
M00622	C/EBPgamma	WWTYTKWMRTVRR	13	-
M00623	Crx	VDVRVVTTANNNR	13	-
M00624	DBP	DWDTGCT	7	-
M00626	RFX1 (EF-C)	KTWSCMWRGYRWYK	14	-
M00630	FOXM1	AVTCHADYT	9	-
M00631	FXR/RXR-alpha	GGTYAWTSAMCYTR	14	-
M00632	GATA-4	TSYCYKHWWTYT	12	-
M00634	GCM	HATGYGGGYNNK	12	-
M00638	HNF4alpha	VKKCAAAGKTCAB	13	-
M00641	HSF	GAARCYBCKVGAA	13	-
M00644	LBP-1	SCAGCBG	7	-
M00647	LXR	TGACCBNNRGTRACCCYR	18	-
M00648	MAF	HSVMMACTTCCYYCHA	16	-
M00650	MTF-1	SKGCYGDGTGCAVM	14	-
M00651	NF-muE1	AGATGGCSG	9	-
M00652	Nrf-1	YGCGCAYGCG	10	-
M00658	PU.1	STTCCYCW	8	-
M00665	Sp3	CCCYSCMSWRKKST	14	-
M00671	TCF-4	WTCAAAGS	8	-
M00672	TEF	TTATDTDAVCAT	12	-
M00678	Tel-2	CAGGAAGTAD	10	-
M00687	alpha-CP1	CTCATTGGYTK	11	-
M00690	AP-3	WRTKKRGR	8	-
M00691	ATF1	TGWCGTCANRG	11	-
M00693	E12	BDVCACCTGYY	11	-
M00694	E4F1	GTGACGTADS	10	-
M00698	HEB	CAGCWGGY	8	-
M00699	ICSBP	YAGTTTCWYTTY	12	-
M00701	SMAD3	AGDCAGACR	9	-
M00704	TEF-1	CATYYC	6	-
M00717	Pax-8	NNYCAYBVDNNDNNN	15	-
M00721	CACCC-binding factor	CCHCACCCWNNKRNYG	16	-
M00726	USF2	CRCSTG	6	-
M00727	SF1	CAAGGTYA	8	-
M00729	Cdx-2	DGYHATAAAANWNK	14	-
M00733	SMAD4	RKNTGKCTSVMYSNS	15	-
M00736	E2F-1:DP-1	GCGSSAAW	8	-
M00737	E2F-1:DP-2	GCGSSAAA	8	-
M00738	E2F-4:DP-1	GCGCSAAA	8	-
M00739	E2F-4:DP-2	GCGSSAAW	8	-
M00740	Rb:E2F-1:DP-1	GCGCSAAA	8	-
M00746	Elf-1	WYTTCCTSNWNY	12	-
M00747	IRF-1	AAVTGAA	7	-
M00750	HMG IY	RWTTTMC	7	-
M00761	p53 decamer	NVNCWWGYYY	10	-
M00762	PPAR, HNF-4, COUP, RAR	WGDMCYNTGNSCH	13	-
M00763	PPAR direct repeat 1	DGGNCANAGGTCW	13	-
M00764	HNF4 direct repeat 1	DGGNCAAAGKYCA	13	-
M00765	COUP direct repeat 1	RRGNCAAAGGTCA	13	-
M00766	LXR direct repeat 4	GGGTYANNNNMGGTCA	16	-
M00767	FXR inverted repeat 1	RGGTYATTVACCY	13	-
M00769	AML	NNWRACCACADVNNN	15	-
M00771	Ets	SAGGAARYNNND	12	-
M00772	IRF	RRAANDGAAAVNNNV	15	-
M00773	MYB	NAACKGNVNNN	11	-
M00774	NF-kappaB	NGGGANTTYCCNNNNN	16	-
M00775	NF-Y	YSATTGGYYNVNN	13	-
M00776	SREBP	TRGGGTGABNNB	12	-
M00777	STAT	YCYHRGAANNNNN	13	-
M00778	AhR	NNDCACGCNMV	11	-
M00789	GATA	NYTATCW	7	-
M00790	HNF1	NNNRNHRAHNAKTAACHH	18	-
M00791	HNF3	NNTRTTTRYHYDN	13	-
M00792	SMAD	NNNVDGTCT	9	-
M00793	YY1	VRAVATGGC	9	-
M00794	TTF-1 (Nkx2-1)	NNNNCTTGNVNN	12	-
M00795	Octamer	HATGYAAAWNN	11	-
M00796	USF	NSYCACSTGBBB	12	-
M00797	HIF1	NVVNGCACGTMBNS	14	-
M00799	Myc	VCACGTG	7	-
M00800	AP-2	NNYNYNGCCYKSSGSS	16	-
M00801	CREB	VTGACG	6	-
M00802	Pit-1	DNDNDWYRWDHAWGAAKN	18	-
M00804	E2A	NMNRNRVCAGSTGN	14	-
M00805	LEF1	CTTTGA	6	-
M00806	NF-1	NNTTGGCNNNNNNHNNN	17	-
M00808	Pax	GTKAKTTCCAG	11	-
M00810	SRF	NVNVKNKCCWTATWTGGS	18	-
M00821	Nrf-2	NVTGACTNWKCNN	13	-
M00912	C/EBP	DNVTKDNGHAAN	12	-
M00913	MYB	NBNYVGTTN	9	-
M00916	CREB	VHNVTGACGYNNNB	14	-
M00917	CREB	NKRCGTCABNN	11	-
M00918	E2F	VSCGCSAAA	9	-
M00919	E2F	NYTTSGCGSBV	11	-
M00920	E2F	NYTTSGCGSKVN	12	-
M00921	GR	WGNACANN	8	-
M00922	SRF	HVKNKCCWTATWTGG	15	-
M00924	AP-1	NNVNNKDNGTCA	12	-
M00925	AP-1	NKDNRTCAN	9	-
M00926	AP-1	NTGACNHM	8	-
M00927	AP-4	RCAKCWGNY	9	-
M00929	MyoD	NNNNNNCASCTGBBBBNN	18	-
M00930	Oct-1	HATGNAAAWNH	11	-
M00935	NF-AT	NDNTTTCCDN	10	-
M00938	E2F-1	KBCBNTBYSGCGCSMW	16	-
M00939	E2F-1	VSCGCSAAR	9	-
M00940	E2F-1	SSCGSSAAAH	10	-
M00941	MEF-2	HTWAAWATARCH	12	-
M00947	CP2/LBP-1c/LSF	CHRGHNNNANCCAGY	15	-
M00953	AR	NNNNNNAGAACAMNNYGTNCYHNHNNN	27	-
M00954	PR	NNNNNNAGAACANNNBSWHCHNNHNNN	27	-
M00955	GR	NNVNHNAGAACANNNNSNHYNNNNNNN	27	-
M00956	AR	NNNNHNAGAACANNNYGTHCYNNNNNN	27	-
M00957	PR	NNNNHHAGAACANHNHGTNMYHNNNHN	27	-
M00959	ER	RNNNTGACCTN	11	-
M00960	PR, GR	NTGTYCHNWN	10	-
M00961	VDR	NGGKTCANNVNB	12	-
M00964	PXR, CAR, LXR, FXR	KHYHNTRACCYH	12	-
M00965	LXR, PXR, CAR, COUP, RAR	NRGGTYAVDNNMGKNCR	17	-
M00966	VDR, CAR, PXR	MVVNRGKKSANNRRGKNSRYY	21	-
M00967	HNF4, COUP	NTGGMCYYN	9	-
M00971	Ets	VMGGAARN	8	-
M00972	IRF	NTTTCHNTTYY	11	-
M00973	E2A	RVCAGVTG	8	-
M00974	SMAD	NWGTCTGNNHD	11	-
M00976	AhR, Arnt, HIF-1	NNNCACGYN	9	-
M00977	EBF	HCYCWRGGGAV	11	-
M00978	LEF1, TCF1	NNSWWCAAAGB	11	-
M00979	Pax-6	KAGTTCCAGGTCAG	14	-
M00980	TBP	NNATAAA	7	-
M00981	CREB, ATF	HNRCGTCAN	9	-
M00983	MAF	HTGACTCMDBN	11	-
M00984	PEBP	HNNBYTGTGGTBWNB	15	-
M00991	Cdx	KWTAYDDVYYBDDYDRTN	18	-
M00992	FOXP3	VTMTGHVAHAACHBBWY	17	-
M00993	TAL1	RNCAGVTGGH	10	-
M00997	DEC	NVHTCACDTGVVB	13	-
M00998	Pbx	NNNMMWTCMATC	12	-
M01000	AIRE	HAMCCAATATAACCAMTTAATAABC	25	-
M01003	Helios A	NNNTCCCDWND	11	-
M01007	SRF	VNNNCCAWAWAWGGVNMNN	19	-
M01009	HES1	NNNNSCACRMGVSNN	15	-
M01011	HNF1	NNNDSTTWATNNTTDNYNNNN	21	-
M01014	SOX	NYNWAACAAAGAK	13	-
M01017	Pbx-1	NNYRNTTGATNN	12	-
M01019	TBX5	NNYVACACCTHN	12	-
M01020	TBX5	BMACACCHNV	10	-
M01022	LEF1	BNCTTTGWWV	10	-
M01023	HSF1	KRMGAANBTTCYAGAAD	17	-
M01028	NRSF	YCAGCACCRYGGACAGHRC	19	-
M01029	TFE	NCACRTGN	8	-
M01031	HNF4	NTGRMCTTTGVHCN	14	-
M01032	HNF4	TGRMCT	6	-
M01033	HNF4	TGVHCN	6	-
M01034	Ebox	NRNCABGTGN	10	-
M01035	YY1	NWNATGGMNDN	11	-
M01036	COUPTF	NKNVRNGDBBARRGKKCANNNNV	23	-
M01037	GLI	VGACCACCCAVD	12	-
M01042	GLI1	BTGGGTGGTC	10	-
M01043	Nkx2-5	KSAAGTGRVR	10	-
M01044	TBX5	MAGGTGTGAR	10	-
M01045	AP-2alphaA	VNVSCCYVRGGCDNN	15	-
M01047	AP-2alphaA	VNMGCCTNAGGCKNB	15	-
M01058	Gfi1b	HGMMSTGATTTR	12	-
M01067	Gfi1	NVNHNDGATTNNN	13	-
M01069	GZF1	TATAKAVGCGCA	12	-
M01073	HIC1	VNVNNBSSBGCAVYSBNV	18	-
M01075	PLZF	RMNYWRDYMMWRNTTTANMDNMNNWNBAM	29	-
M01078	c-Ets-1 p54	NVNNRYWTCCGSHNNN	16	-
M01100	LRF	GGGGKYBHB	9	-
M01105	ZBRK1	AAABDNCTGYKSCCC	15	-
M01108	HOXA7	MGATTGR	7	-
M01109	SZF1-1	CNKCTKWWACCCTGG	15	-
M01111	RBP-Jkappa	HRTGGGAA	8	-
M01112	RBP-Jkappa	KTTCCCACGNN	11	-
M01116	CLOCK:BMAL	YCACGTGK	8	-
M01117	OTX	WNNTAATC	8	-
M01119	KAISO	HTVGCAGGAD	10	-
M01127	ISL1	HYATTANBH	9	-
M01131	SOX10	BACAAWK	7	-
M01132	SF1	NCAAGGYHA	9	-
M01137	FOXO3A	NNNTTRTTTWYN	12	-
M01138	RORalpha	TGACCYANYWW	11	-
M01139	LMAF	CTGCTGASY	9	-
M01142	LRH1	NTBCAAGGYYNN	12	-
M01145	c-Myc	GASCACGTGGTH	12	-
M01146	DMRT1	RMWACAWTGTWKCMR	15	-
M01147	DMRT2	WMAATGTAWCAWWWTV	16	-
M01148	DMRT3	DNAWTGTAWCAAWHN	15	-
M01153	PXR (PXR:RXR)	TGAMCTBN	8	-
M01154	c-Myc	RRSCACGTGGTM	12	-
M01163	Elk-1	YACTTCCGGTT	11	-
M01165	Elk-1	YACTTCCGGTH	11	-
M01167	SAP-1a	BRCTTCCGGTN	11	-
M01168	SREBP	NNVKVRNGTGRNNNN	15	-
M01169	Ikaros	NYCTCCCAVV	10	-
M01171	BCL6	WCCTNGAAVN	10	-
M01173	SREBP1	NNVKSRNGTGRNNNN	15	-
M01177	SREBP2	NNNNNVTGRNNN	12	-
M01181	Nkx3-2	CACTYV	6	-
M01182	MIZF	AACGTCCG	8	-
M01185	BCL6	AWYCSTVGAAAGYW	14	-
M01195	TBX22	AGGTGWSAAWTTCACACCT	19	-
M01196	CTF1	TTGGCNHNSTGCCA	14	-
M01197	ELF5	HRYWTCCKBDW	11	-
M01200	CTCF	BNSYKCCMYCTNSWGGYNVN	20	-
M01201	AR	RGHACRYNNYGTNCC	15	-
M01202	VDR:RXR	YGAACYCNDTGACCY	15	-
M01204	SPI-B	DVNHACTTCCKSWTTYB	17	-
M01207	ETS2	MNGGARR	7	-
M01208	FLI1	VKBRCWTCCKK	11	-
M01209	GAF	MNRGGAATNYG	11	-
M01211	PARP	SWWWTTCYHR	10	-
M01212	STAT1:STAT1	NYTTCYKKGAAAN	13	-
M01217	NUR77	NVAAGGYCAN	10	-
M01220	STAT3:STAT3	VBDKTTCCCVKMAA	14	-
M01223	P50:P50	VKGRVAKTCCCYN	13	-
M01224	P50:RELA-P65	NDGGGRAMNYCC	12	-
M01227	MAFB	VTCANC	6	-
M01233	IPF1	STNATTANBB	10	-
M01234	IPF1	STYATTAGBK	10	-
M01235	IPF1	STAATTASBB	10	-
M01236	IPF1	YYKATTAATG	10	-
M01237	TRF1	YAACCCTAACCCTAR	15	-
M01239	RelB:p52 (NF-kappaB)	GGAAWBCCCC	10	-
M01240	BEN	BNYSGCTG	8	-
M01241	BEN	TRTCGCWG	8	-
M01242	MTF1	GTGCGCAAAGTKHTGCACAC	20	-
M01243	MTF1	GKGBGCA	7	-
M01244	HSF2	TTCTAGAAYNTTC	13	-
M01245	mTERF	ACCRACYWBWACCA	14	-
M01247	Nanog	NNNNNYYWTTGTYHYBNHNH	20	-
M01248	Dax1	NNNNNNTGACCTTBNNNHNN	20	-
M01249	HIF-2alpha	NNDCACGTNB	10	-
M01250	E2F1	NDGAAAND	8	-
M01251	E2F1	ASDTTTYB	8	-
M01255	IPF1	NDNTTAATGDBN	12	-
M01256	REST	AGSACCNNGGACAGHDSCNNNN	22	-
M01257	SRF	NNNNBNCCWTWTWWGGNN	18	-
M01258	GABP	NNVCCGGAAGYN	12	-
M01259	CTCF	BYKCCMYCTNSTGGNNVNNN	20	-
M01260	STAT1	NNNNNNNNNYTTCCHRGAANNN	22	-
M01261	HNF3A	NTGTTTRCWY	10	-
M01262	TBX18	AGGTGMSAWTTTCACACCT	19	-
M01267	FRA1	NTGACTCA	8	-
M01268	FXR	NTGACCT	7	-
M01269	NURR1	AAGGYYR	7	-
M01272	SOX2	NMAWNACAAWGRNNNN	16	-
M01275	IPF1	YTAATK	6	-
M01279	IRF3	DAMGSGAAAVNVV	13	-
M01284	SOX9	NBYCTTTGWDY	11	-
M01287	Neuro D	CAGCTG	6	-
M01288	NeuroD	RVNCAGCWGSNV	12	-
M01298	MECP2	WWWWNNDNNNBCCGG	15	-
M01299	MECP2	HWWWNBCCGG	10	-
M01300	HMGA2	AATWWNSSSSAATAT	15	-
M01301	MEF2A	YTAAAAATARCY	12	-
M01305	TEF	MNSWGGAATGTR	12	-
M01306	ZABC1	GBNRGAAW	8	-
M01307	POU5F1	NNNTTGCATN	10	-
M01308	SOX4	YCWTTGTT	8	-
M01312	Nkx2-1	DWDBTYAAGTGGNYNN	16	-
M01313	Six-1	HNNNNTGATACCYBHDN	17	-
M01314	lhx6.1	WVNNYTAATTARYDNNN	17	-
M01317	HOXC13	HNDWTTTAYGAGNNNN	16	-
M01319	HoxB5	NHNNDNTAATTANHNN	16	-
M01320	Prop-1	NNNNNTTAATTAANNNN	17	-
M01321	HOXC-8	VNNDTAATTAHNNNDN	16	-
M01324	Octamer	WNNHWTATGCATANNDN	17	-
M01325	LH-2	NNNNNYTAATTARBNNH	17	-
M01327	Vax-2	BNVBTAATTARBNNNN	16	-
M01329	HOXC11	NNNNTTTACGACNNNN	16	-
M01332	Barhl-1	NNNYTAATTGVTTNNN	16	-
M01337	HOXA3	RBTAATTAVYNNNN	14	-
M01338	HOXD3	VNDNTAATTANHNNWD	16	-
M01340	Barx1	DHNNRVYAATTRBYND	16	-
M01342	CDP	NNHNNTRATYADNBNNY	17	-
M01344	CDP	NHNYDATYATHRNNH	15	-
M01345	Six-6	VNDNNTGATACCCNNNN	17	-
M01346	TGIF1	NVNNMGCTGTCAWWNNN	17	-
M01348	K-2b	VNNAVYTAATTARYNNN	17	-
M01349	HB9	BNNHVSTAATTANBNN	16	-
M01351	hoxa9	HHNNDTTTWATKRVHBN	17	-
M01353	Lhx5	VNNWDTTAATTAAYNNN	17	-
M01355	ALX-3	NNNRRYTAATTARBNNW	17	-
M01356	PMX2B	NNHVTTAATTAABDNNB	17	-
M01357	Pbx1	BNNDNWTTGATGNDWVN	17	-
M01358	Six-3	VNHNDTGATACCCNHTH	17	-
M01361	HOXC10	NNNNTTTAYGACNNNN	16	-
M01362	CART1	NNNNNYTAATTARHNSN	17	-
M01365	En-1	NNVHTAATTANTTNNN	16	-
M01366	Otx1	NNNDNWTAATCCBYNNN	17	-
M01368	Oct-2	NNNNATTTGCATANNN	16	-
M01369	HOXC4	NNBNNTTAATTAANNNK	17	-
M01370	HOXA4	NNHVWTAATTAWYNRNN	17	-
M01372	NKX22	NNNWYTCAAGTGKHBNN	17	-
M01373	Cdx-1	NNNWTTTATKRCCNNN	16	-
M01374	six4	BNNNNGGTGTCANNNNN	17	-
M01379	HNF-1alpha	NNNBHRGTTAACNNVNN	17	-
M01382	Gbx2	NNNNRCTAATTAGYNNH	17	-
M01383	Nkx3A	NHNYWAAGTACTTHNNN	17	-
M01385	Pax-4	NNBNDYTAATTARNNNW	17	-
M01387	Otx2	NNNDNTTAATCCYBNHN	17	-
M01388	dlx5	NNNVVNYAATTRBBNN	16	-
M01389	rax	NBBVRYTAATTARNNBW	17	-
M01391	pax6	NNNMMHTAATTARKNR	16	-
M01392	HOXA6	NWNDNKTAATTAHNDB	16	-
M01393	Msx-2	VNNDHTAATTRGYBNNN	17	-
M01395	MRG2	NNNWTGACAGSTNNHN	16	-
M01398	Six-6	VNDNDTGATACCCBWWN	17	-
M01400	dlx3	NNNKVTAATTAYNBNNN	17	-
M01402	HoxA2	NTDDDNTAATTAVHNY	16	-
M01403	Otx3	NNNVHTAATCCBNHHHN	17	-
M01405	Irx2	DNNNNTACATGTANNNW	17	-
M01407	TGIF2	NNWTTGACAGSTNNHN	16	-
M01408	Brn-3c	DDVNTMATTAATDHNN	16	-
M01409	Lmx-1	NNDWWTTAATTAANNNB	17	-
M01410	IRX4	NNNHNWACATGTWNNNH	17	-
M01411	PKNOX2	NNDDTGACAGSYVNNN	16	-
M01412	Msx-1	NNNNTAATTANYNNNN	16	-
M01413	Nkx5-1	NNBNNTTAATTGNTNNB	17	-
M01414	NKX25	RRDBTYAAGTGGNYNN	16	-
M01415	Shox2	NNNNNYTAATTARNNNN	17	-
M01416	HOXC9	NHDDTTWATKACHNNN	16	-
M01417	Alx-4	NNNNNYTAATTARNNNN	17	-
M01419	Meis1	NNWWTGACAGSTVNHN	16	-
M01421	Lhx4	NMHVVSTAATTASNNDN	17	-
M01422	lhx6.1	NNNNRCTAATTAGNNKW	17	-
M01425	HNF-1beta	NVNNYTAGTTAACNNNN	17	-
M01426	HOXB9	NNNDTTTTATKRNYBB	16	-
M01430	HOXA13	NNDWTTTACGAGNNNN	16	-
M01431	Barx-2	NNNNRNTAATTANYNN	16	-
M01433	Six-2	HNWNDTGATACCCYHDN	17	-
M01436	Crx	NNVHTAATCCSCNNNV	16	-
M01437	HOXC12	NNNDWTTTACGACBBNN	17	-
M01438	ipf1	NWNDRNTAATTAVYNN	16	-
M01439	Dlx-1	VNTAATTANHNNNN	14	-
M01443	Mox1	HTNDNNTAATTAHNBB	16	-
M01444	PMX2A	BNVYTAATTARYDNNN	16	-
M01446	Barhl2	NNNTTAATTGNTTDDN	16	-
M01447	PITX2	NNNNRYTAATCCYNNHN	17	-
M01449	Cdx-2	NNNDTTTATKRCYNNN	16	-
M01452	HOXA5	NHNDNBTAATTAVNNB	16	-
M01453	CART1	NNNNNTTAATTAANNNN	17	-
M01454	HOXC5	NNKNNBTAATTAVYDNB	17	-
M01455	En-2	NNNNRYTAATTARNNBW	17	-
M01459	PREP1	NNWWTGACAGSTVNHH	16	-
M01460	HOXB6	NNNGTAATTAMNNHWD	16	-
M01461	EMX2	NNNNRYTAATTARNNBW	17	-
M01462	POU6F1	NNNWSCTCATTATNNDN	17	-
M01464	HOXA10	WDHDWTTWATKRYNNH	16	-
M01465	Pit-1	NNNNTAATTAATTMNNN	17	-
M01468	Dlx-2	NNNDDVYAATTRHHNB	16	-
M01469	NKX6.1	NRNVTMATTAATWRNN	16	-
M01471	Lhx3	NNDWHTTAATTAAYDNN	17	-
M01473	Brn-4	NNNNTAATTAATTHNNN	17	-
M01474	Esx1	WNNNYTAATTARYNNNN	17	-
M01475	Evx-1	NNNNRSTAATTASNNNW	17	-
M01476	POU2F3	NNNNATTTGCATANNN	16	-
M01477	Octamer	NNNVYTAATTARNWNNN	17	-
M01479	POU6F1	NNNWVCTMATTAWBNDN	17	-
M01481	HMX1	NNBNNTTAATTGCYBNN	17	-
M01482	Nkx3-2	NNNNHTAAGTGSNBNDN	17	-
M01484	Pitx1	NNHKTTAATCCCYNBNN	17	-
M01486	Dlx7	NNNDNTAATTAHNNNNN	17	-
M01487	HOXA1	VNNBTAATTAVYNNDN	16	-
M01488	Meis2	NNWTTGACAGSTVNHN	16	-
M01489	NKX6.1	VNNNNTAATTAATHNNN	17	-
M01589	ERR2 (ESRRB)	NNNTGACCTTGR	12	-
M01592	LBP9 (Tcfcp211)	NRDCYRGYTBNNDCYRG	17	-
M01595	STAT3	NNBNNTTCCYRGMANN	16	-
M01596	GLI3	DGRCCACCCAS	11	-
M01650	PNR	TGAYYTTTGAYYTY	14	-
M01651	P53	DRRCAWGYCYDRRCATGYYH	20	-
M01652	p53	VRRCWDGYYBRRVCWWGNYY	20	-
M01653	HMGIY	NAAWWNHH	8	-
M01658	AML1	MACCACA	7	-
M01659	Cdx-2	NHNTTTAYNNV	11	-
M01660	GABP-alpha	MGGAAG	6	-
M01661	hbp1	YHBATTGAV	9	-
M01665	IRF8	WGAAAYT	7	-
M01666	STAT4	BKNDHTTMTNKGAA	14	-
M01692	LTF	NNMAGTBMC	9	-
M01702	GLI1	CNTGGGTGGTC	11	-
M01703	GLI2	SNTGGGTGGTC	11	-
M01704	GLI3	MNTGGGTGGTC	11	-
M01705	TCF4	SATSAAARN	9	-
M01709	MAFA	NDGCTGA	7	-
M01712	CRX	GATTAN	6	-
M01716	MATH1	NRMCAGSTGN	10	-
M01718	NFAT2	NHGGAAA	7	-
M01719	OTX2	NNYTAATCBBHBH	13	-
M01721	PUR1	NNCTKBCYH	9	-
M01722	RORBETA	TRGGTCA	7	-
M01723	SATB1	WWNKRYCDTTAWWWMW	16	-
M01724	TERALPHA	BTGACCYVVNN	11	-
M01725	TR4	SARAGGTCASK	11	-
M01728	EAR2	NRGGNCAAAGNNNR	14	-
M01733	MZF1	BTCCCCM	7	-
M01735	PITX3	KNTAAKCYN	9	-
MA0017	NR2F1	VDGKBCAAAGKTCA	14	-
MA0024	E2F1	GCGCSAAA	8	-
MA0025	NFIL3	NNRTTACRTAA	11	-
MA0028	ELK1	YTTCCGKNNN	10	-
MA0030	FOXF2	NDTGTTTACSNDNV	14	-
MA0031	FOXD1	NTGTTTAC	8	-
MA0032	FOXC1	TACNBNNN	8	-
MA0036	GATA2	NATCN	5	-
MA0037	GATA3	YWATCD	6	-
MA0050	IRF1	RSTTTCRBTTTB	12	-
MA0051	IRF2	DDWWNRSTTTCRCTTTCS	18	-
MA0052	MEF2A	CTAWAAATAG	10	-
MA0055	Myf	CWSCWGYTGYYK	12	-
MA0056	MZF1_1-4	TCCCCN	6	-
MA0058	MAX	NCACGTGDYH	10	-
MA0059	MYC::MAX	RCCACGTGSYH	11	-
MA0066	PPARG	WNTRGGTSAHNNTGACCYAN	20	-
MA0069	Pax6	MANTSAWGCGTRAA	14	-
MA0070	PBX1	NWTGATTGATNN	12	-
MA0071	RORA_1	TGACCTHNWW	10	-
MA0072	RORA_2	NTGACCTAVWTWHN	14	-
MA0074	RXRA::VDR	YGAACYCNDTGACCY	15	-
MA0076	ELK4	RCTTCCGGT	9	-
MA0077	SOX9	CYATTGTWH	9	-
MA0080	SPI1	ACTTCCT	7	-
MA0081	SPIB	TTCCKSW	7	-
MA0083	SRF	CCWTATAWGGKC	12	-
MA0084	SRY	WTTGTNWNN	9	-
MA0090	TEAD1	MNSWGGAATGTR	12	-
MA0091	TAL1::TCF3	AMCAGATGKTNN	12	-
MA0093	USF1	HCACGTG	7	-
MA0095	YY1	NATGGH	6	-
MA0098	ETS1	HGGAWN	6	-
MA0101	REL	GGAAWNYCCV	10	-
MA0105	NFKB1	GGGGRWYCCCC	11	-
MA0106	TP53	ACATGCCCGGRCATGTYCBN	20	-
MA0107	RELA	GGAAABYCCS	10	-
MA0112	ESR1	RGGKCANNNTGMCCYNNNNN	20	-
MA0115	NR1H2::RXRA	STTGACCTTTGACCTYK	17	-
MA0119	TLX1::NFIC	TTGGCNHNSTGCCA	14	-
MA0124	NKX3-1	TAAGTAH	7	-
MA0130	ZNF354C	GTGGWK	6	-
MA0131	MIZF	RCGGACGTWN	10	-
MA0133	BRCA1	SBKTTGN	7	-
MA0137	STAT1	NNNTTCYDGGAADNN	15	-
MA0138	REST	KBHNCTGTCCDNGGTVCTGRN	21	-
MA0139	CTCF	BDSYGCCMYCTRSTGGHNR	19	-
MA0148	FOXA1	NWRWGYAAACA	11	-
MA0150	NFE2L2	TGCTDWGTCAY	11	-
MA0155	INSM1	YRMCCCCWKRCA	12	-
MA0159	RXR::RAR_DR5	TGAMCTBYNBNTGAMCY	17	-
MA0258	ESR2	NRGGDCANNNTGACCYNN	18	-
TBX_zhenyu	TBX	MAHNTVACACCTHNGTGTSANDHD	24	-
TBX_zhenyu_v2	TBX	TVACACCT	8	-
